mode,category,sub_category,challenge,requirement,tier1_complete,tier2_complete,tier3_complete,tier4_complete,tier5_complete,completed,tier1_target,tier2_target,tier3_target,tier4_target,tier5_target,notes
Zombies,Career,Fresh Meat,Fresh Fiz,"Drink 3 Perks",TRUE,N/A,N/A,N/A,N/A,TRUE,3,N/A,N/A,N/A,N/A,
Zombies,Career,Fresh Meat,Hotrodder,"Upgrade your Weapon with the Pack-a-Punch Machine on Ol' Tessie",TRUE,N/A,N/A,N/A,N/A,TRUE,1,N/A,N/A,N/A,N/A,
Zombies,Career,Fresh Meat,Bargain Bin,"Get 50 Eliminations with Weapons acquired from the Mystery Box",TRUE,N/A,N/A,N/A,N/A,TRUE,50,N/A,N/A,N/A,N/A,
Zombies,Career,Fresh Meat,Overmatch,"Get 50 Eliminations with Pack-a-Punched Weapons",TRUE,N/A,N/A,N/A,N/A,TRUE,50,N/A,N/A,N/A,N/A,
Zombies,Career,Fresh Meat,MSRP,"Get 50 Eliminations using Wall Buy Weapons",TRUE,N/A,N/A,N/A,N/A,TRUE,50,N/A,N/A,N/A,N/A,
Zombies,Career,Fresh Meat,Tourist,"Visit all locations in Ashes of the Damned in a single match",TRUE,N/A,N/A,N/A,N/A,TRUE,1,N/A,N/A,N/A,N/A,
Zombies,Career,Trophy Hunter,Vehicular Zomslaughter,"Earn 10 Shotgun! Medals by rapidly killing 10 Zombies with a Vehicle",TRUE,TRUE,TRUE,N/A,N/A,TRUE,1,5,10,N/A,N/A,
Zombies,Career,Trophy Hunter,Killer Efficiency,"Get 2 Critical Kills with a single shot using Primary or Secondary weapons 25 times",TRUE,TRUE,TRUE,N/A,N/A,TRUE,5,10,25,N/A,N/A,
Zombies,Career,Trophy Hunter,Madness,"Kill 100 Zombies with or affected by triggered Ammo Mod effects",TRUE,TRUE,TRUE,N/A,N/A,TRUE,25,50,100,N/A,N/A,
Zombies,Career,Trophy Hunter,Profiteer,"Exfil with 10000 Essence or more",TRUE,N/A,N/A,N/A,N/A,TRUE,1,N/A,N/A,N/A,N/A,
Zombies,Career,Trophy Hunter,Red Mist,"Earn 3 Distinguished Medals",TRUE,N/A,N/A,N/A,N/A,TRUE,3,N/A,N/A,N/A,N/A,
Zombies,Career,Trophy Hunter,Deadlift,"Reach Round 20 and Exfil",TRUE,N/A,N/A,N/A,N/A,TRUE,1,N/A,N/A,N/A,N/A,
Zombies,Career,Quarantined,Death Toll,"Eliminate 25000 Zombies",TRUE,TRUE,TRUE,TRUE,TRUE,TRUE,1000,2500,5000,10000,25000,
Zombies,Career,Quarantined,Head Popper,"Get 15000 Critical Kills",TRUE,TRUE,TRUE,TRUE,TRUE,TRUE,500,1000,2500,7500,15000,
Zombies,Career,Quarantined,Going Rounds,"Complete 500 Rounds",TRUE,TRUE,TRUE,TRUE,TRUE,TRUE,25,50,100,250,500,
Zombies,Career,Quarantined,Deathsmith,"Get 2500 Zombie Kills with Equipment",TRUE,TRUE,TRUE,TRUE,TRUE,TRUE,100,250,500,1000,2500,
Zombies,Career,Quarantined,Scouring,"Get 10000 Zombie Kills with Scorestreaks",TRUE,TRUE,TRUE,FALSE,FALSE,FALSE,500,1000,2500,5000,10000,
Zombies,Career,Quarantined,Power Killer,"Get 10000 Zombie Eliminations with Wonder Weapons",TRUE,TRUE,TRUE,TRUE,TRUE,TRUE,500,1000,2500,5000,10000,
Zombies,Hardened,Field Research,Ravaging,"Earn 20 Stay Down Medals by rapidly killing 5 or more Ravagers",TRUE,TRUE,TRUE,N/A,N/A,TRUE,5,10,20,N/A,N/A,
Zombies,Hardened,Field Research,Devils Trap,"Kill 10 Special Zombies or Elite Zombies while they are slowed by Toxic Growth",TRUE,TRUE,TRUE,N/A,N/A,TRUE,1,5,10,N/A,N/A,
Zombies,Hardened,Field Research,Demon Engine,"Kill 250 Zombies using Saw Blade traps",TRUE,TRUE,TRUE,N/A,N/A,TRUE,50,100,250,N/A,N/A,
Zombies,Hardened,Field Research,Sapper,"Kill 5 Zombies rapidly using C4 or Point Turrets 25 times",TRUE,TRUE,TRUE,N/A,N/A,TRUE,5,10,25,N/A,N/A,
Zombies,Hardened,Field Research,Malicious Munitions,"Kill 20 Special or Elite Zombies while using their elemental weakness",TRUE,TRUE,TRUE,N/A,N/A,TRUE,5,10,20,N/A,N/A,
Zombies,Hardened,Field Research,Zursa Tamer,"Kill 15 Zombies with a single Brain Rotted Zursa",TRUE,N/A,N/A,N/A,N/A,TRUE,1,N/A,N/A,N/A,N/A,
Zombies,Hardened,Kitted Out,Gumania,"Consume 25 Epic or higher rarity Gobblegums",TRUE,TRUE,TRUE,N/A,N/A,TRUE,5,10,25,N/A,N/A,
Zombies,Hardened,Kitted Out,Calorific,"Have 6 Perks equipped at one time",TRUE,N/A,N/A,N/A,N/A,TRUE,1,N/A,N/A,N/A,N/A,
Zombies,Hardened,Kitted Out,Auto Artisan,"Kill 10 Ravagers or Elite Zombies while using Ol' Tessie's DG-2 Turret",TRUE,N/A,N/A,N/A,N/A,TRUE,10,N/A,N/A,N/A,N/A,
Zombies,Hardened,Kitted Out,Eat This!,"Kill 50 Zombies with a single use of the HKDs Scorestreak",TRUE,N/A,N/A,N/A,N/A,TRUE,1,N/A,N/A,N/A,N/A,
Zombies,Hardened,Kitted Out,PAP'd & Loaded,"Have 25000 Essence at once",TRUE,N/A,N/A,N/A,N/A,TRUE,1,N/A,N/A,N/A,N/A,
Zombies,Hardened,Kitted Out,Necronic,"Earn a Lifedrinker Medal while using the Necrofluid Gauntlet",TRUE,N/A,N/A,N/A,N/A,TRUE,1,N/A,N/A,N/A,N/A,
Zombies,Hardened,Trials & Tribulations,Ruthless Reliability,"Achieve Epic or higher T.E.D.D. Tasks reward targets 20 times",TRUE,TRUE,TRUE,N/A,N/A,TRUE,5,10,20,N/A,N/A,
Zombies,Hardened,Trials & Tribulations,Overachiever,"Kill 50 Zombies during a single T.E.D.D. Tasks 5 times",TRUE,N/A,N/A,N/A,N/A,TRUE,5,N/A,N/A,N/A,N/A,
Zombies,Hardened,Trials & Tribulations,Master Tasker,"Achieve 3 Legendary T.E.D.D. Tasks reward targets in a single match",TRUE,N/A,N/A,N/A,N/A,TRUE,1,N/A,N/A,N/A,N/A,
Zombies,Hardened,Trials & Tribulations,Bullseye,"Become an Axe Throwing Champion",TRUE,N/A,N/A,N/A,N/A,TRUE,1,N/A,N/A,N/A,N/A,
Zombies,Hardened,Trials & Tribulations,Arcross XD,"Find a misplaced ARC-XD toy",TRUE,N/A,N/A,N/A,N/A,TRUE,1,N/A,N/A,N/A,N/A,
Zombies,Hardened,Trials & Tribulations,Soda Sommelier,"Rehydrate at Exit 115",TRUE,N/A,N/A,N/A,N/A,TRUE,1,N/A,N/A,N/A,N/A,
Zombies,Prestige,Loadout Lunatic Prestige 1,Melting Barrels,"Earn 50 Massacre Medals using LMGs SMGs or Assault Rifles",TRUE,N/A,N/A,N/A,N/A,TRUE,50,N/A,N/A,N/A,N/A,
Zombies,Prestige,Loadout Lunatic Prestige 1,Buckshot Ballet,"Earn 50 Jackrabbit Medals while using Shotguns",TRUE,N/A,N/A,N/A,N/A,TRUE,50,N/A,N/A,N/A,N/A,
Zombies,Prestige,Loadout Lunatic Prestige 1,Dead Set,"Earn 50 Deadeye Medals using Marksman Rifles or Sniper Rifles",TRUE,N/A,N/A,N/A,N/A,TRUE,50,N/A,N/A,N/A,N/A,
Zombies,Prestige,Loadout Lunatic Prestige 1,Action Hero,"Earn 50 Stunner Medals using Pistols",TRUE,N/A,N/A,N/A,N/A,TRUE,50,N/A,N/A,N/A,N/A,
Zombies,Prestige,Loadout Lunatic Prestige 1,Force Multiplier,"Kill 3 or more Zombies with a single shot using Launchers 50 times",TRUE,N/A,N/A,N/A,N/A,TRUE,50,N/A,N/A,N/A,N/A,
Zombies,Prestige,Loadout Lunatic Prestige 1,Slaughter House,"Kill 5 Zombies rapidly using Melee Weapons 50 times",TRUE,N/A,N/A,N/A,N/A,TRUE,50,N/A,N/A,N/A,N/A,
Zombies,Prestige,Perk Personified Prestige 2,Damage per Second,"Kill an Elite Zombie in 20 seconds or less while using Double Tap 3 times",TRUE,TRUE,TRUE,N/A,N/A,TRUE,1,2,3,N/A,N/A,
Zombies,Prestige,Perk Personified Prestige 2,Floptastic,"Kill 5 Zombies with a single PHD Flopper explosion 5 times",TRUE,N/A,N/A,N/A,N/A,TRUE,5,N/A,N/A,N/A,N/A,
Zombies,Prestige,Perk Personified Prestige 2,Knock Out,"Kill an Elite enemy with a Melee Macchiato punch",TRUE,N/A,N/A,N/A,N/A,TRUE,1,N/A,N/A,N/A,N/A,
Zombies,Prestige,Perk Personified Prestige 2,Chain Reaction,"Rapidly kill 5 or more Zombies with an Ammo Mod proc while Elemental Pop is active",TRUE,N/A,N/A,N/A,N/A,TRUE,1,N/A,N/A,N/A,N/A,
Zombies,Prestige,Perk Personified Prestige 2,X-Ray,"Get 2 Critical Kills with a single shot 50 times with Death Perception active",TRUE,N/A,N/A,N/A,N/A,TRUE,50,N/A,N/A,N/A,N/A,
Zombies,Prestige,Perk Personified Prestige 2,Ethereal,"Get 10 Wisp Kills with a single Companion Wisp from Wisp Tea",TRUE,N/A,N/A,N/A,N/A,TRUE,1,N/A,N/A,N/A,N/A,
Zombies,Prestige,Score Attack Prestige 3,Spice of Life,"Kill 3 Elite Zombies with the Life Drain Attack while using Disciple Mutant Injection",TRUE,N/A,N/A,N/A,N/A,TRUE,3,N/A,N/A,N/A,N/A,
Zombies,Prestige,Score Attack Prestige 3,Swarm Lord,"Kill 10 Special Zombies or Elite Zombies with HKDs",TRUE,N/A,N/A,N/A,N/A,TRUE,10,N/A,N/A,N/A,N/A,
Zombies,Prestige,Score Attack Prestige 3,Angel of Death,"Kill 25 Zombies with a single D.A.W.G. Scorestreak 5 times",TRUE,N/A,N/A,N/A,N/A,TRUE,5,N/A,N/A,N/A,N/A,
Zombies,Prestige,Score Attack Prestige 3,Slalom,"Kill 15 Zombies with a single ARC-XD without it exploding",TRUE,N/A,N/A,N/A,N/A,TRUE,1,N/A,N/A,N/A,N/A,
Zombies,Prestige,Score Attack Prestige 3,Smited,"Earn a Scorched Earth Medal",TRUE,N/A,N/A,N/A,N/A,TRUE,1,N/A,N/A,N/A,N/A,
Zombies,Prestige,Score Attack Prestige 3,Voice of Torment,"Rapidly kill 10 Zombies after stunning them with your Scream while in Disciple Mutant Injection 3 times",TRUE,N/A,N/A,N/A,N/A,TRUE,3,N/A,N/A,N/A,N/A,
Zombies,Prestige,WANDerful Prestige 4,Megaton,"Rapidly kill 15 Zombies with a single use of Energy Mine 3 times",TRUE,N/A,N/A,N/A,N/A,TRUE,3,N/A,N/A,N/A,N/A,
Zombies,Prestige,WANDerful Prestige 4,Wraith,"Eliminate 25 Zombies during one Aether Shroud",TRUE,N/A,N/A,N/A,N/A,TRUE,1,N/A,N/A,N/A,N/A,
Zombies,Prestige,WANDerful Prestige 4,Offensive Guard,"Earn 5 Main Tank Medals",TRUE,N/A,N/A,N/A,N/A,TRUE,5,N/A,N/A,N/A,N/A,
Zombies,Prestige,WANDerful Prestige 4,Dark Magic,"Kill 2 Special Zombies or Elite Zombies with a single use of Dark Flare",TRUE,N/A,N/A,N/A,N/A,TRUE,2,N/A,N/A,N/A,N/A,
Zombies,Prestige,WANDerful Prestige 4,Field Day,"Rapidly kill 50 Zombies using Field Upgrades",TRUE,N/A,N/A,N/A,N/A,TRUE,1,N/A,N/A,N/A,N/A,
Zombies,Prestige,WANDerful Prestige 4,Barbwire,"Rapidly kill 20 Zombies trapped in a single Toxic Growth",TRUE,N/A,N/A,N/A,N/A,TRUE,1,N/A,N/A,N/A,N/A,
Zombies,Prestige,Bandolier Prestige 5,Axe Champion,"Kill 20 Zombies with Combat Axes without missing",TRUE,N/A,N/A,N/A,N/A,TRUE,1,N/A,N/A,N/A,N/A,
Zombies,Prestige,Bandolier Prestige 5,Tower Defense,"Complete a Round only using Point Turrets from Round 10 onwards",TRUE,N/A,N/A,N/A,N/A,TRUE,1,N/A,N/A,N/A,N/A,
Zombies,Prestige,Bandolier Prestige 5,Monkey King,"Kill 10 or more Zombies with a single Cymbal Monkey Explosion 10 times",TRUE,N/A,N/A,N/A,N/A,TRUE,10,N/A,N/A,N/A,N/A,
Zombies,Prestige,Bandolier Prestige 5,Thingamajig,"Rapidly kill 25 Zombies using LT53 Kazimirs 3 times",TRUE,N/A,N/A,N/A,N/A,TRUE,3,N/A,N/A,N/A,N/A,
Zombies,Prestige,Bandolier Prestige 5,Thermal Sunder,"Earn 10 Crispy Medals",TRUE,N/A,N/A,N/A,N/A,TRUE,10,N/A,N/A,N/A,N/A,
Zombies,Prestige,Bandolier Prestige 5,Bomba,"Kill 10 Zombies with a single Lethal explosion 10 times",TRUE,N/A,N/A,N/A,N/A,TRUE,10,N/A,N/A,N/A,N/A,
Zombies,Prestige,Tacticality Prestige 6,Nightmare Killer,"Rapidly kill 10 Zombies 5 times using Zombies Brain Rotted by Psych Grenades",TRUE,N/A,N/A,N/A,N/A,TRUE,5,N/A,N/A,N/A,N/A,
Zombies,Prestige,Tacticality Prestige 6,Gullible,"Get 5 consecutive Critical Kills while Zombies are distracted by Decoy Grenades 3 times",TRUE,N/A,N/A,N/A,N/A,TRUE,3,N/A,N/A,N/A,N/A,
Zombies,Prestige,Tacticality Prestige 6,Target Locked,"Kill a Special Zombie or Elite Zombie after using a Stim Shot 10 times",TRUE,N/A,N/A,N/A,N/A,TRUE,10,N/A,N/A,N/A,N/A,
Zombies,Prestige,Tacticality Prestige 6,Simon Says,"Rapidly kill 3 Ravagers stunned by your Stun Grenade 5 times",TRUE,N/A,N/A,N/A,N/A,TRUE,5,N/A,N/A,N/A,N/A,
Zombies,Prestige,Tacticality Prestige 6,Fearmonger,"Use Hunter Bots to kill a Zursa",TRUE,N/A,N/A,N/A,N/A,TRUE,1,N/A,N/A,N/A,N/A,
Zombies,Prestige,Tacticality Prestige 6,Tooltician,"Kill a Zursa while it is affected by tactical equipment",TRUE,N/A,N/A,N/A,N/A,TRUE,1,N/A,N/A,N/A,N/A,
Zombies,Prestige,Endeavors Prestige 7,Mysticism,"Use Pack-a-Punch Level III or higher Wonder Weapons to kill 25 Elite Zombies",TRUE,TRUE,FALSE,N/A,N/A,FALSE,5,10,25,N/A,N/A,
Zombies,Prestige,Endeavors Prestige 7,Buy 1 Get 1,"Earn a Two for One Medal",TRUE,N/A,N/A,N/A,N/A,TRUE,1,N/A,N/A,N/A,N/A,
Zombies,Prestige,Endeavors Prestige 7,Tinkerer,"Earn a Lethality Medal",TRUE,N/A,N/A,N/A,N/A,TRUE,1,N/A,N/A,N/A,N/A,
Zombies,Prestige,Endeavors Prestige 7,Head Hunter,"Get 25 Rapid Critical Kills without reloading",TRUE,N/A,N/A,N/A,N/A,TRUE,1,N/A,N/A,N/A,N/A,
Zombies,Prestige,Endeavors Prestige 7,Power Tyrant,"Earn a Fire Away Medal",TRUE,N/A,N/A,N/A,N/A,TRUE,1,N/A,N/A,N/A,N/A,
Zombies,Prestige,Endeavors Prestige 7,Burning Rubber,"Achieve Legendary Rewards for the Ol' Tessie Time Trial 3 times",TRUE,N/A,N/A,N/A,N/A,TRUE,3,N/A,N/A,N/A,N/A,
Zombies,Prestige,Elemental Ballistician Prestige 8,Electro Flux,"Kill 1 Elite Zombie while it is stunned by Deadwire",TRUE,N/A,N/A,N/A,N/A,TRUE,1,N/A,N/A,N/A,N/A,
Zombies,Prestige,Elemental Ballistician Prestige 8,Pyrologist,"Rapidly kill 3 Zombies with Napalm Burst fire damage 5 times",TRUE,N/A,N/A,N/A,N/A,TRUE,5,N/A,N/A,N/A,N/A,
Zombies,Prestige,Elemental Ballistician Prestige 8,Carnival,"Earn 15 Popping Off Medals",TRUE,N/A,N/A,N/A,N/A,TRUE,15,N/A,N/A,N/A,N/A,
Zombies,Prestige,Elemental Ballistician Prestige 8,Puppeteer,"Earn 15 Necromancer Medals",TRUE,N/A,N/A,N/A,N/A,TRUE,15,N/A,N/A,N/A,N/A,
Zombies,Prestige,Elemental Ballistician Prestige 8,Voidweaver,"Earn 15 Graviton Medals",TRUE,N/A,N/A,N/A,N/A,TRUE,15,N/A,N/A,N/A,N/A,
Zombies,Prestige,Elemental Ballistician Prestige 8,Permafrost,"Kill 10 Special Zombies or Elite Zombies slowed or frozen by Cryo Freeze",TRUE,N/A,N/A,N/A,N/A,TRUE,10,N/A,N/A,N/A,N/A,
Zombies,Prestige,Zurvivor Prestige 9,Round Robin,"Complete 50 Rounds in Survival",TRUE,TRUE,TRUE,N/A,N/A,TRUE,10,25,50,N/A,N/A,
Zombies,Prestige,Zurvivor Prestige 9,Perfectionist,"Complete 3 consecutive Rounds after Round 10 without taking damage",TRUE,N/A,N/A,N/A,N/A,TRUE,1,N/A,N/A,N/A,N/A,
Zombies,Prestige,Zurvivor Prestige 9,Frugal,"Reach Round 15 without using Perks Pack-a-Punch or Ammo Cache",TRUE,N/A,N/A,N/A,N/A,TRUE,1,N/A,N/A,N/A,N/A,
Zombies,Prestige,Zurvivor Prestige 9,Just the Start,"Reach Round 30 in a single Survival match",TRUE,N/A,N/A,N/A,N/A,TRUE,1,N/A,N/A,N/A,N/A,
Zombies,Prestige,Zurvivor Prestige 9,Gladiator,"Reach Round 20 while only using Melee Weapons",TRUE,N/A,N/A,N/A,N/A,TRUE,1,N/A,N/A,N/A,N/A,
Zombies,Prestige,Zurvivor Prestige 9,Foreboding,"Reach Round 20 with Rampage Inducer active at all times",TRUE,N/A,N/A,N/A,N/A,TRUE,1,N/A,N/A,N/A,N/A,
Zombies,Prestige,Augmented Reality Prestige 10,Wisp Willing,"Rapidly kill 10 Zombies attracted to Wisp from Wisp Tea with Mask of Distraction Augment 3 times",TRUE,N/A,N/A,N/A,N/A,TRUE,3,N/A,N/A,N/A,N/A,
Zombies,Prestige,Augmented Reality Prestige 10,Finale,"Kill 5 Zombies with one Fireworks Ammo Mod activation using Starburst Augment 10 times",TRUE,N/A,N/A,N/A,N/A,TRUE,10,N/A,N/A,N/A,N/A,
Zombies,Prestige,Augmented Reality Prestige 10,Triple KO,"Kill 3 Zombies with one Melee Macchiato punch using Triple Shot Augment 5 times",TRUE,N/A,N/A,N/A,N/A,TRUE,5,N/A,N/A,N/A,N/A,
Zombies,Prestige,Augmented Reality Prestige 10,Sporangia,"Kill 20 Zombies with a single Toxic Growth using Pollination Augment",TRUE,N/A,N/A,N/A,N/A,TRUE,1,N/A,N/A,N/A,N/A,
Zombies,Prestige,Augmented Reality Prestige 10,Shadow Step,"Using Void Sheath Augment for Aether Shroud kill 20 Zombies with a single charge",TRUE,N/A,N/A,N/A,N/A,TRUE,1,N/A,N/A,N/A,N/A,
Zombies,Prestige,Augmented Reality Prestige 10,Double Bubble,"Rapidly kill 10 Zombies stunned by Electric Cherry Augment for Elemental Pop 5 times",TRUE,N/A,N/A,N/A,N/A,TRUE,5,N/A,N/A,N/A,N/A,
Zombies,Prestige,Abracadavre Prestige Master,Stepping Stones,"Complete 50 Rounds at Relic Tier I difficulty",FALSE,N/A,N/A,N/A,N/A,FALSE,50,N/A,N/A,N/A,N/A,
Zombies,Prestige,Abracadavre Prestige Master,Aether Investigator,"Complete 50 Rounds at Relic Tier II difficulty",FALSE,N/A,N/A,N/A,N/A,FALSE,50,N/A,N/A,N/A,N/A,
Zombies,Prestige,Abracadavre Prestige Master,Chaos Sways,"Complete 50 Rounds at Relic Tier III difficulty",FALSE,N/A,N/A,N/A,N/A,FALSE,50,N/A,N/A,N/A,N/A,
Zombies,Prestige,Abracadavre Prestige Master,Critical Priority,"Reach Round 15 without buying ammo with the Bus Relic active",FALSE,N/A,N/A,N/A,N/A,FALSE,1,N/A,N/A,N/A,N/A,
Zombies,Prestige,Abracadavre Prestige Master,Run,"Reach Round 20 with Samantha's Teddy Bear Relic and Rampage Inducer active",FALSE,N/A,N/A,N/A,N/A,FALSE,1,N/A,N/A,N/A,N/A,
Zombies,Prestige,Abracadavre Prestige Master,Top Tier,"Reach Round 15 on Cursed Tier III difficulty in the starting room without opening doors",FALSE,N/A,N/A,N/A,N/A,FALSE,1,N/A,N/A,N/A,N/A,
Zombies,Maps,Astra Malorum,Malefic Mediations,"Survive 50 Rounds on Astra Malorum",TRUE,TRUE,TRUE,N/A,N/A,TRUE,10,25,50,N/A,N/A,
Zombies,Maps,Astra Malorum,Weapons Galore,"Eliminate 1000 Zombies with your third primary weapon while Mule Kick is active on Astra Malorum",TRUE,TRUE,TRUE,TRUE,TRUE,TRUE,100,250,500,750,1000,
Zombies,Maps,Astra Malorum,Ravaged Repulsion,"Survive 10 Ravager Rounds on Astra Malorum",TRUE,TRUE,TRUE,N/A,N/A,TRUE,1,5,10,N/A,N/A,
Zombies,Maps,Astra Malorum,Hard Reset,"Defeat O.S.C.A.R. 10 times",TRUE,TRUE,TRUE,N/A,N/A,TRUE,1,5,10,N/A,N/A,
Zombies,Maps,Astra Malorum,Power Move,"Turn on the power before round 5 on Astra Malorum",TRUE,N/A,N/A,N/A,N/A,TRUE,1,N/A,N/A,N/A,N/A,
Zombies,Maps,Astra Malorum,Unidentified Fighting Object,"Earn 25 Massacre Medals using the LGM-1",TRUE,N/A,N/A,N/A,N/A,TRUE,25,N/A,N/A,N/A,N/A,
Zombies,Maps,Paradox Junction,Forlorn Fission,"Complete 100 Rounds on Paradox Junction",FALSE,FALSE,FALSE,N/A,N/A,FALSE,25,50,100,N/A,N/A,
Zombies,Maps,Paradox Junction,Sunder Gun,"Earn 25 Carnage Medals while using the Sundergat",FALSE,N/A,N/A,N/A,N/A,FALSE,25,N/A,N/A,N/A,N/A,
Zombies,Maps,Paradox Junction,Geiger Gunner,"Earn 50 Supercritical Canine Medals on Paradox Junction",FALSE,FALSE,FALSE,N/A,N/A,FALSE,10,25,50,N/A,N/A,
Zombies,Maps,Paradox Junction,Future's Past,"Kill 2 Shock Mimics with a single shot 5 times on Paradox Junction",FALSE,N/A,N/A,N/A,N/A,FALSE,5,N/A,N/A,N/A,N/A,
Zombies,Maps,Paradox Junction,Damned Souls,"Kill 20 Zombies with a single shot from a Launcher 5 times on Paradox Junction",FALSE,N/A,N/A,N/A,N/A,FALSE,5,N/A,N/A,N/A,N/A,
Zombies,Maps,Paradox Junction,Anima,"Get 10 rapid Critical Kills using Melee Weapons 10 times on Paradox Junction",FALSE,N/A,N/A,N/A,N/A,FALSE,10,N/A,N/A,N/A,N/A,
Zombies,Maps,Totenreich,Ragnarok,"Complete 100 Rounds on Totenreich",FALSE,FALSE,FALSE,N/A,N/A,FALSE,25,50,100,N/A,N/A,
Zombies,Maps,Totenreich,Aethereal,"Kill 25 Zombies in 5 seconds using the Jotunn Star 25 times",FALSE,N/A,N/A,N/A,N/A,FALSE,25,N/A,N/A,N/A,N/A,
Zombies,Maps,Totenreich,Shield Dance,"Earn 50 Shield Breaker Medals",FALSE,FALSE,FALSE,N/A,N/A,FALSE,10,25,50,N/A,N/A,
Zombies,Maps,Totenreich,Glocked & Loaded,"Rapidly kill 5 Zombies suspended by a Glocke Drop 25 times",FALSE,FALSE,FALSE,N/A,N/A,FALSE,5,10,25,N/A,N/A,
Zombies,Maps,Totenreich,Mecha Missive,"Kill 30 Zombies with the Wunderbarrage 25 times",FALSE,FALSE,FALSE,N/A,N/A,FALSE,5,10,25,N/A,N/A,
Zombies,Maps,Totenreich,Helm Hobbyist,"Collect all Viking Helmets in a single match",FALSE,N/A,N/A,N/A,N/A,FALSE,1,N/A,N/A,N/A,N/A,
Zombies,Dark Ops,Dark Ops,Anathema,"Eliminate 1000000 Zombies",FALSE,N/A,N/A,N/A,N/A,FALSE,1000000,N/A,N/A,N/A,N/A,
Zombies,Dark Ops,Dark Ops,Armed to the Teeth,"Have 3 Pack-A-Punch Level III Legendary Rarity Weapons equipped with Ammo Mods and 8 Perks active",FALSE,N/A,N/A,N/A,N/A,FALSE,1,N/A,N/A,N/A,N/A,
Zombies,Dark Ops,Dark Ops,Social Distancing,"Reach Round 20 without taking damage",FALSE,N/A,N/A,N/A,N/A,FALSE,1,N/A,N/A,N/A,N/A,
Zombies,Dark Ops,Dark Ops,Another Round,"Reach Round 100",FALSE,N/A,N/A,N/A,N/A,FALSE,100,N/A,N/A,N/A,N/A,
Zombies,Dark Ops,Dark Ops,Invincible,"Survive to Round 50 without getting downed",TRUE,N/A,N/A,N/A,N/A,TRUE,1,N/A,N/A,N/A,N/A,
Zombies,Dark Ops,Dark Ops,Harbinger of Doom,"Get 100 Kills with a single Scorestreak",TRUE,N/A,N/A,N/A,N/A,TRUE,100,N/A,N/A,N/A,N/A,
Zombies,Dark Ops,Dark Ops,Box Addict,"Buy 30 Weapons from the Mystery Box in a single match",TRUE,N/A,N/A,N/A,N/A,TRUE,30,N/A,N/A,N/A,N/A,
Zombies,Dark Ops,Dark Ops,Mythic Cynic,"Reach Round 50 with all Ashes of the Damned Relics active",FALSE,N/A,N/A,N/A,N/A,FALSE,1,N/A,N/A,N/A,N/A,
Zombies,Dark Ops,Dark Ops,Showboat,"Complete the Ashes of the Damned Main Quest at Round 100 or more",FALSE,N/A,N/A,N/A,N/A,FALSE,1,N/A,N/A,N/A,N/A,
Zombies,Dark Ops,Dark Ops,Reliquary,"Collect all Relics in Ashes of the Damned",FALSE,N/A,N/A,N/A,N/A,FALSE,1,N/A,N/A,N/A,N/A,
Zombies,Dark Ops,Dark Ops,Hard Mode,"Complete the Ashes of the Damned Main Quest with Blood Vials Dragon and Bus Relics active",FALSE,N/A,N/A,N/A,N/A,FALSE,1,N/A,N/A,N/A,N/A,
Zombies,Dark Ops,Dark Ops,Blitzed,"Complete the Ashes of the Damned Main Quest with Samantha's Drawing and Teddy Bear Relics active in an hour or less",FALSE,N/A,N/A,N/A,N/A,FALSE,1,N/A,N/A,N/A,N/A,
Zombies,Dark Ops,Dark Ops,Lucidity,"Complete the Tank Dempsey side quest on Ashes of the Damned",TRUE,N/A,N/A,N/A,N/A,TRUE,1,N/A,N/A,N/A,N/A,
Zombies,Dark Ops,Dark Ops,Countdown,"Kill an Elite Zombie by launching it with a jump pad",FALSE,N/A,N/A,N/A,N/A,FALSE,1,N/A,N/A,N/A,N/A,
Zombies,Dark Ops,Dark Ops,The One,"Reach Round 999",FALSE,N/A,N/A,N/A,N/A,FALSE,999,N/A,N/A,N/A,N/A,
Zombies,Dark Ops,Dark Ops,Action Hero,"Shoot and kill 100 Zombies without reloading",TRUE,N/A,N/A,N/A,N/A,TRUE,100,N/A,N/A,N/A,N/A,
Zombies,Dark Ops,Dark Ops,Boss Rush,"Defeat the Ashes of the Damned Boss fight in 5 minutes or less",FALSE,N/A,N/A,N/A,N/A,FALSE,1,N/A,N/A,N/A,N/A,
Zombies,Dark Ops,Dark Ops,Martial Artist,"Reach Round 50 while only using Melee and Combat Axes",FALSE,N/A,N/A,N/A,N/A,FALSE,50,N/A,N/A,N/A,N/A,
Zombies,Dark Ops,Dark Ops,Ingenuity,"Reach Round 50 with the Dragon Wings and Lawyer's Pen Relics active",FALSE,N/A,N/A,N/A,N/A,FALSE,50,N/A,N/A,N/A,N/A,
Zombies,Dark Ops,Dark Ops,Flushed for Cash,"Earn 25M in Silverback Cash",FALSE,N/A,N/A,N/A,N/A,FALSE,25000000,N/A,N/A,N/A,N/A,
Zombies,Dark Ops,Dark Ops,Serious Monkey Business,"Defeat the Papaback in Hardcore",FALSE,N/A,N/A,N/A,N/A,FALSE,1,N/A,N/A,N/A,N/A,
Zombies,Dark Ops,Dark Ops,The Usual Please,"Drink Juggernog 20 times in a single match",FALSE,N/A,N/A,N/A,N/A,FALSE,20,N/A,N/A,N/A,N/A,
Zombies,Dark Ops,Dark Ops,Ready for Publishing,"Fully Research all Augments for 30 different items",FALSE,N/A,N/A,N/A,N/A,FALSE,30,N/A,N/A,N/A,N/A,
Zombies,Dark Ops,Dark Ops,New Main,"Kill 1000 Zombies with each of the 8 Dedicated Crew Operators",TRUE,N/A,N/A,N/A,N/A,TRUE,8,N/A,N/A,N/A,N/A,
Zombies,Dark Ops,Dark Ops,Echoes,"Complete the Echoes of the Damned side quest",FALSE,N/A,N/A,N/A,N/A,FALSE,1,N/A,N/A,N/A,N/A,
Zombies,Dark Ops,Dark Ops,Void Caller,"Complete round 50 with the Seed Gong and Dragon Relics active on Astra Malorum",FALSE,N/A,N/A,N/A,N/A,FALSE,50,N/A,N/A,N/A,N/A,
Zombies,Dark Ops,Dark Ops,Astronomical,"Complete the Astra Malorum Main Quest with the Spider Fang Civil Protector Head and Golden Spork Relics active",TRUE,N/A,N/A,N/A,N/A,TRUE,1,N/A,N/A,N/A,N/A,
Zombies,Dark Ops,Dark Ops,Chronomancer,"Complete the Paradox Junction Main Quest only paying to Time Travel once",FALSE,N/A,N/A,N/A,N/A,FALSE,1,N/A,N/A,N/A,N/A,
Zombies,Dark Ops,Dark Ops,Neutronomic,"Complete the Paradox Junction Main Quest at round 100",FALSE,N/A,N/A,N/A,N/A,FALSE,100,N/A,N/A,N/A,N/A,
Zombies,Dark Ops,Dark Ops,The Bomba,"Complete the Paradox Junction Main Quest with all Paradox Junction Relics active",FALSE,N/A,N/A,N/A,N/A,FALSE,1,N/A,N/A,N/A,N/A,
Zombies,Dark Ops,Dark Ops,Relativity,"Complete the Main Quest in under an hour",FALSE,N/A,N/A,N/A,N/A,FALSE,1,N/A,N/A,N/A,N/A,
Zombies,Dark Ops,Dark Ops,Torchbearer,"Reach Round 25 without ever freezing on Totenreich",FALSE,N/A,N/A,N/A,N/A,FALSE,25,N/A,N/A,N/A,N/A,
Zombies,Dark Ops,Dark Ops,Deicide,"Complete the Totenreich Main Quest at round 100 or more",FALSE,N/A,N/A,N/A,N/A,FALSE,100,N/A,N/A,N/A,N/A,
Zombies,Dark Ops,Dark Ops,Daily Tot,"Complete the Totenreich Main Quest with the Spider Fang Civil Protector Head and Dancing Arnie Relics active",FALSE,N/A,N/A,N/A,N/A,FALSE,1,N/A,N/A,N/A,N/A,
Zombies,Dark Ops,Dark Ops,Domineering,"Complete Richtofen's Echoes of the Damned quest",FALSE,N/A,N/A,N/A,N/A,FALSE,1,N/A,N/A,N/A,N/A,